override_ref,override_time,route_code,mes_label,line_ref,station_ref,linked_event_ref,linked_qp_ref,override_type,raw_class,stock_before_override,stock_after_override,authoriser_role,table_effect,override_note
OVR-001,02/05/2025 14:58,FP1-A,F1_MAIN,FP1,CAM-FP1-01,EVT-F1-0502-003,QP-2511,pallet_table_review,barcode_read,PALLET_TABLE,ROUTE_CLEAR,QA_table,table_closed,barcode contrast table row closed
OVR-002,14/05/2025 16:27,FP1-A,F1_MAIN,FP1,CAM-FP1-01,EVT-F1-0514-006,QP-2527,operator_clear,label_position,PALLET_TABLE,ROUTE_CLEAR,line_lead,table_closed,operator clear after label position review
OVR-003,06/05/2025 18:59,FP2-A,F2_MAIN,FP2,CAM-FP2-01,EVT-F2-0506-008,QP-2520,pallet_table_review,barcode_read,QHOLD,ROUTE_CLEAR,QA_table,table_closed,contrast row closed after check
OVR-004,13/05/2025 09:16,FP2-A,F2_MAIN,FP2,CAM-FP2-01,EVT-F2-0512-010,QP-2534,pallet_table_review,label_position,PALLET_TABLE,ROUTE_CLEAR,QA_table,table_closed,pallet table label row closed
OVR-005,05/05/2025 17:35,FP3-A,F3_EXP,FP3,CAM-FP3-01,EVT-F3-0505-014,QP-2516,qhold_keep,insert_missing,QHOLD,QHOLD,QA_table,held_for_rework,insert row held until replacement
OVR-006,05/05/2025 17:42,FP3-A,F3_EXP,FP3,CAM-FP3-01,EVT-F3-0505-014,QP-2516,table_close,insert_missing,QHOLD,ROUTE_CLEAR,QA_table,table_closed,insert replacement note closed
OVR-007,07/05/2025 10:10,FP3-A,F3_EXP,FP3,CAM-FP3-01,EVT-F3-0506-015,QP-2521,pallet_table_review,seal_tamper,PALLET_TABLE,PALLET_TABLE,QA_table,held_for_rework,seal strip kept at pallet table
OVR-008,07/05/2025 10:18,FP3-A,F3_EXP,FP3,CAM-FP3-01,EVT-F3-0506-015,QP-2521,table_close,seal_tamper,PALLET_TABLE,ROUTE_CLEAR,QA_table,table_closed,seal strip replacement closed
OVR-009,08/05/2025 17:35,FP3-A,F3_EXP,FP3,CAM-FP3-01,EVT-F3-0508-016,QP-2507,scuff_trace_clear,scuff_wrap,TRACE_ONLY,TRACE_ONLY,QA_table,trace_closed,old scuff prompt closed in trace view
OVR-010,07/05/2025 15:24,FP4-A,F4_EXP,FP4,CAM-FP4-01,EVT-F4-0507-020,QP-2522,qhold_keep,insert_missing,QHOLD,QHOLD,QA_table,held_for_rework,insert row held for replacement
OVR-011,07/05/2025 15:28,FP4-A,F4_EXP,FP4,CAM-FP4-01,EVT-F4-0507-020,QP-2522,table_close,insert_missing,QHOLD,ROUTE_CLEAR,QA_table,table_closed,insert replacement closed
OVR-012,11/05/2025 08:22,FP4-A,F4_EXP,FP4,CAM-FP4-01,EVT-F4-0510-021,QP-2530,table_close,seal_tamper,PALLET_TABLE,ROUTE_CLEAR,QA_table,table_closed,night seal strip replacement closed
OVR-013,19/05/2025 14:08,FP4-A,F4_EXP,FP4,CAM-FP4-01,EVT-F4-0519-023,QP-2510,scuff_trace_clear,scuff_wrap,TRACE_ONLY,TRACE_ONLY,QA_table,trace_closed,old scuff prompt closed in trace view
OVR-014,06/05/2025 16:31,FP5-A,F5_RGD,FP5,CAM-FP5-01,EVT-F5-0506-026,QP-2524,qhold_keep,insert_missing,QHOLD,QHOLD,QA_table,held_for_rework,accessory row held until replacement
OVR-015,06/05/2025 16:40,FP5-A,F5_RGD,FP5,CAM-FP5-01,EVT-F5-0506-026,QP-2524,table_close,insert_missing,QHOLD,ROUTE_CLEAR,QA_table,table_closed,accessory replacement note closed
OVR-016,09/05/2025 09:47,FP5-A,F5_RGD,FP5,CAM-FP5-01,EVT-F5-0508-027,QP-2531,table_close,seal_tamper,PALLET_TABLE,ROUTE_CLEAR,QA_table,table_closed,seal row corrected at table
OVR-017,17/05/2025 13:52,FP5-A,F5_RGD,FP5,CAM-FP5-01,EVT-F5-0517-029,QP-2544,table_close,insert_missing,QHOLD,ROUTE_CLEAR,QA_table,table_closed,accessory row corrected
OVR-018,21/05/2025 18:52,FP5-A,F5_RGD,FP5,CAM-FP5-01,EVT-F5-0521-030,QP-2555,pallet_table_review,barcode_read,PALLET_TABLE,ROUTE_CLEAR,QA_table,table_closed,barcode row closed at table
OVR-019,09/05/2025 13:04,FP5-X,F5_EXP_TR,FP5,CAM-FP5X-01,EVT-F5X-0509-031,,map_check_note,view_list,MAP_CHECK,MAP_CHECK,route_owner,map_note_added,export trial view check note
OVR-020,16/05/2025 10:37,FP5-X,F5_EXP_TR,FP5,CAM-FP5X-01,EVT-F5X-0516-032,QP-2541,trial_prompt_clear,label_align,TRIAL_QUEUE,TRIAL_QUEUE,line_lead,trial_queue_kept,trial label prompt kept in queue
OVR-021,23/05/2025 12:01,FP5-X,F5_EXP_TR,FP5,CAM-FP5X-01,EVT-F5X-0523-034,QP-2565,trial_prompt_clear,insert_missing,TRIAL_QUEUE,TRIAL_QUEUE,line_lead,trial_queue_kept,trial insert row kept in queue
OVR-022,06/05/2025 18:12,FP6-A,F6_MAIN,FP6,CAM-FP6-01,EVT-F6-0506-036,QP-2525,table_close,insert_missing,QHOLD,ROUTE_CLEAR,QA_table,table_closed,accessory replacement closed
OVR-023,09/05/2025 10:04,FP6-A,F6_MAIN,FP6,CAM-FP6-01,EVT-F6-0508-037,QP-2532,pallet_table_review,barcode_read,PALLET_TABLE,ROUTE_CLEAR,QA_table,table_closed,barcode table check closed
OVR-024,12/05/2025 18:55,FP6-A,F6_MAIN,FP6,CAM-FP6-01,EVT-F6-0512-038,QP-2537,table_close,insert_missing,QHOLD,ROUTE_CLEAR,QA_table,table_closed,accessory row closed after replacement
OVR-025,21/05/2025 00:42,FP6-A,F6_MAIN,FP6,CAM-FP6-01,EVT-F6-0521-041,QP-2556,pallet_table_review,seal_tamper,QHOLD,PALLET_TABLE,QA_table,held_for_rework,seal row moved to pallet table
OVR-026,21/05/2025 02:10,FP6-A,F6_MAIN,FP6,CAM-FP6-01,EVT-F6-0521-042,QP-2556,table_close,seal_tamper,PALLET_TABLE,ROUTE_CLEAR,QA_table,table_closed,seal band rework note closed
OVR-027,23/05/2025 14:12,FP6-A,F6_MAIN,FP6,CAM-FP6-01,EVT-F6-0523-044,QP-2563,pallet_table_review,barcode_read,PALLET_TABLE,ROUTE_CLEAR,QA_table,table_closed,barcode row closed at table
OVR-028,22/05/2025 00:07,FP6-N,F6_NGT,FP6,CAM-FP6N-01,EVT-F6N-0522-047,,lens_clean_count,lens_clean,MAP_CHECK,MAP_CHECK,line_lead,count_check_added,lens clean started
OVR-029,22/05/2025 01:16,FP6-N,F6_NGT,FP6,CAM-FP6N-01,EVT-F6N-0522-048,,lens_clean_count,lens_clean,MAP_CHECK,MAP_CHECK,line_lead,count_check_added,count check row one
OVR-030,22/05/2025 02:38,FP6-N,F6_NGT,FP6,CAM-FP6N-01,EVT-F6N-0522-049,,lens_clean_count,lens_clean,MAP_CHECK,MAP_CHECK,line_lead,count_check_added,count check row two
OVR-031,22/05/2025 03:44,FP6-N,F6_NGT,FP6,CAM-FP6N-01,EVT-F6N-0522-050,,lens_clean_count,lens_clean,MAP_CHECK,CAM_CLEAR,line_lead,count_check_added,lens clean closed
OVR-032,15/05/2025 13:22,FP6-R,F6_REC,FP6,CAM-FP6R-01,EVT-F6R-0515-052,QP-2539,recovery_sheet_note,rework_seal,RECOVERY,RECOVERY,QA_table,recovery_note_added,recovery sheet seal note
OVR-033,06/05/2025 08:19,FP7-A,F7_EXP,FP7,CAM-FP7-01,EVT-F7-0506-054,QP-2518,pallet_table_review,label_batch,QHOLD,SUPPLIER_REVIEW,QA_table,table_note_added,label batch compare note
OVR-034,14/05/2025 11:25,FP7-A,F7_EXP,FP7,CAM-FP7-01,EVT-F7-0514-055,QP-2536,pallet_table_review,label_batch,PALLET_TABLE,SUPPLIER_REVIEW,QA_table,table_note_added,supplier batch compare note
OVR-035,03/05/2025 09:31,FP8-T,F8_TRIAL,FP8,CAM-FP8-01,EVT-F8-0503-057,QP-2515,trial_prompt_clear,seal_tamper,TRIAL_QUEUE,TRIAL_QUEUE,line_lead,trial_queue_kept,trial seal prompt kept in queue
OVR-036,08/05/2025 14:01,FP8-T,F8_TRIAL,FP8,CAM-FP8-01,EVT-F8-0508-058,QP-2529,trial_prompt_clear,insert_missing,TRIAL_QUEUE,TRIAL_QUEUE,line_lead,trial_queue_kept,trial insert prompt kept in queue
OVR-037,16/05/2025 16:02,FP8-T,F8_TRIAL,FP8,CAM-FP8-01,EVT-F8-0516-059,,map_check_note,map_hold,MAP_CHECK,MAP_CHECK,route_owner,map_note_added,map hold review note
OVR-038,20/05/2025 10:38,FP8-T,F8_TRIAL,FP8,CAM-FP8-01,EVT-F8-0520-060,QP-2553,trial_prompt_clear,label_position,TRIAL_QUEUE,TRIAL_QUEUE,line_lead,trial_queue_kept,trial label prompt kept in queue
OVR-039,09/05/2025 08:40,FP9-M,F9_MANREC,FP9,CAM-FP9-01,EVT-F9-0509-062,,recovery_sheet_note,manual_label,RECOVERY,RECOVERY,line_lead,recovery_note_added,manual area note
OVR-040,18/05/2025 14:21,FP9-M,F9_MANREC,FP9,CAM-FP9-01,EVT-F9-0518-063,,recovery_sheet_note,manual_insert,RECOVERY,RECOVERY,line_lead,recovery_note_added,manual area note
